{"assets/fonts/Poppins/Poppins-Medium.ttf":["assets/fonts/Poppins/Poppins-Medium.ttf"],"assets/fonts/Poppins/Poppins-Regular.ttf":["assets/fonts/Poppins/Poppins-Regular.ttf"],"assets/fonts/Poppins/Poppins-SemiBold.ttf":["assets/fonts/Poppins/Poppins-SemiBold.ttf"],"assets/fonts/Poppins/Poppins-Thin.ttf":["assets/fonts/Poppins/Poppins-Thin.ttf"],"assets/images/Arrow 1.svg":["assets/images/Arrow 1.svg"],"assets/images/arrow-left.svg":["assets/images/arrow-left.svg"],"assets/images/b_check.png":["assets/images/b_check.png"],"assets/images/bg.png":["assets/images/bg.png"],"assets/images/bulk-express.png":["assets/images/bulk-express.png"],"assets/images/bulk-normal.png":["assets/images/bulk-normal.png"],"assets/images/delivery.png":["assets/images/delivery.png"],"assets/images/ds1.png":["assets/images/ds1.png"],"assets/images/ds2.png":["assets/images/ds2.png"],"assets/images/logo.png":["assets/images/logo.png"],"assets/images/logo.svg":["assets/images/logo.svg"],"assets/images/notifications.png":["assets/images/notifications.png"],"assets/images/pp.png":["assets/images/pp.png"],"assets/images/success.png":["assets/images/success.png"],"packages/iconsax/lib/assets/fonts/iconsax.ttf":["packages/iconsax/lib/assets/fonts/iconsax.ttf"]}